loan_id,Gender,Age_at_loan,Months_open_before_loan,Amount,Duration,Monthly_payments,Default_flag,Total_num_trans,total_balance,avg_balance,Credit_card_issued,No_credict_card,Junior_Credit_card,Classic_Credit_card,Gold_Credit_card,District_account_opened,Distict_Avg_Salary,Unemploymenr_rate_1995,Unemploymenr_rate_1996
4959,0,48,10,80952,24,3373,0,54,1759893.70,32590.624074,0,1,0,0,0,1,12541,0.29,0.43
4961,1,57,12,30276,12,2523,1,80,2015767.40,25197.092500,0,1,0,0,0,21,9104,1.51,2.07
4962,0,35,16,30276,12,2523,0,164,10330567.40,62991.264634,0,1,0,0,0,68,9893,4.09,4.72
4967,0,46,13,318480,60,5308,1,116,4634660.60,39953.970690,0,1,0,0,0,20,8547,2.65,3.64
4968,1,58,8,110736,48,2307,0,55,1726089.70,31383.449091,0,1,0,0,0,19,8402,3.13,3.98
4973,1,51,18,165960,24,6915,0,125,6565405.60,52523.244800,0,1,0,0,0,16,8427,1.12,1.54
4986,0,55,15,102876,12,8573,0,118,3900770.20,33057.374576,1,0,0,1,0,74,10673,4.75,5.44
4988,0,30,20,265320,36,7370,1,83,3840125.70,46266.574699,0,1,0,0,0,44,8254,2.79,3.76
4989,1,47,16,352704,48,7348,0,56,1724659.30,30797.487500,1,0,0,1,0,21,9104,1.51,2.07
4990,0,44,13,162576,36,4516,0,84,3876457.00,46148.297619,1,0,0,1,0,36,9198,3.33,4.28
4996,1,51,5,88440,12,7370,0,31,1946120.80,62778.090323,1,0,0,1,0,40,9317,6.49,7.07
5002,0,54,6,104808,12,8734,0,30,1161294.90,38709.830000,0,1,0,0,0,66,8512,3.51,4.12
5005,0,29,7,27456,12,2288,0,75,3658507.20,48780.096000,0,1,0,0,0,71,8678,5.93,5.57
5015,1,53,16,109344,12,9112,0,93,4498992.00,48376.258065,1,0,0,1,0,70,10177,6.63,7.75
5027,0,27,11,160920,36,4470,0,59,3047314.50,51649.398305,1,0,0,1,0,38,8965,7.08,8.23
5032,0,54,11,123696,48,2577,0,61,2994147.30,49084.381967,0,1,0,0,0,56,8772,4.69,4.98
5034,1,42,22,112752,36,3132,0,129,5761094.80,44659.649612,1,0,0,1,0,71,8678,5.93,5.57
5036,1,25,19,91248,48,1901,0,99,2987139.30,30173.124242,0,1,0,0,0,14,10045,1.42,1.71
5039,1,57,15,66840,24,2785,0,94,3649016.10,38819.320213,0,1,0,0,0,15,9045,3.13,3.6
5041,1,23,20,369000,60,6150,0,171,8318876.60,48648.401170,0,1,0,0,0,47,9538,1.51,1.81
5042,1,25,19,331584,48,6908,0,101,4242744.00,42007.366337,0,1,0,0,0,42,8388,2.41,2.94
5043,1,50,15,468060,60,7801,0,112,6677800.20,59623.216071,1,0,0,1,0,46,8369,1.79,2.31
5044,0,29,12,100980,60,1683,0,70,2493032.10,35614.744286,0,1,0,0,0,54,9897,1.6,1.96
5045,0,47,16,187224,24,7801,1,88,3703419.40,42084.311364,0,1,0,0,0,65,12541,0.29,0.43
5046,0,61,15,42816,12,3568,0,85,1451524.30,17076.756471,0,1,0,0,0,72,8994,3.8,4.79
5051,0,36,14,230400,60,3840,0,168,13356090.40,79500.538095,0,1,0,0,0,68,9893,4.09,4.72
5060,1,28,7,252060,60,4201,1,61,3497771.00,57340.508197,0,1,0,0,0,1,8441,3.45,4.48
5061,1,40,14,84288,48,1756,0,85,2186827.50,25727.382353,0,1,0,0,0,29,8843,2.82,3.6
5063,1,56,3,357840,48,7455,1,2,10700.00,5350.000000,0,1,0,0,0,54,9897,1.6,1.96
5072,1,36,6,196800,24,8200,1,23,1349398.60,58669.504348,0,1,0,0,0,8,11277,1.25,1.44
5082,1,30,12,262980,60,4383,0,56,2336858.50,41729.616071,0,1,0,0,0,13,8598,2.77,3.26
5086,1,41,15,210384,48,4383,0,59,2708831.60,45912.400000,0,1,0,0,0,70,10177,6.63,7.75
5088,0,53,15,91152,24,3798,0,77,3451874.90,44829.544156,1,0,0,1,0,32,9272,2.8,3.22
5103,1,57,20,12540,12,1045,0,152,6372151.10,41922.046711,1,0,0,1,0,27,8561,0.65,1.29
5110,1,51,19,102240,60,1704,0,126,3773321.40,29946.995238,1,0,0,1,0,58,8757,3.38,3.95
5117,1,40,17,76944,12,6412,0,110,4415597.50,40141.795455,1,0,0,1,0,1,12541,0.29,0.43
5124,0,45,6,156096,36,4336,0,33,1704180.50,51641.833333,0,1,0,0,0,21,9104,1.51,2.07
5125,0,24,9,73056,48,1522,0,51,1186012.60,23255.149020,0,1,0,0,0,39,10446,7.34,9.4
5126,0,42,14,208128,48,4336,1,64,2327678.40,36369.975000,1,0,0,1,0,54,9897,1.6,1.96
5128,0,39,9,215616,48,4492,1,61,1308305.10,21447.624590,0,1,0,0,0,69,NULL,NULL,NULL
5130,1,38,15,24312,12,2026,0,78,2291705.50,29380.839744,0,1,0,0,0,16,8427,1.12,1.54
5131,0,33,17,48624,24,2026,0,117,7471296.70,63857.236752,0,1,0,0,0,52,9317,6.49,7.07
5132,0,34,10,538500,60,8975,0,58,1953895.80,33687.858621,0,1,0,0,0,5,9307,3.85,4.43
5134,0,48,10,53076,12,4423,0,65,2153411.20,33129.403077,1,0,0,1,0,19,8402,3.13,3.98
5136,1,19,4,187104,24,7796,0,25,1657309.30,66292.372000,1,0,0,1,0,72,8994,3.8,4.79
5138,1,41,20,87216,48,1817,0,148,4565378.10,30847.149324,0,1,0,0,0,62,12541,0.29,0.43
5140,1,26,9,178500,60,2975,0,64,1375474.60,21491.790625,0,1,0,0,0,73,8746,3.33,3.74
5145,0,60,7,309552,48,6449,0,35,1963692.50,56105.500000,0,1,0,0,0,72,8994,3.8,4.79
5147,1,57,5,22260,60,371,0,15,345999.20,23066.613333,0,1,0,0,0,70,10177,6.63,7.75
5148,1,37,18,284280,60,4738,0,94,6033168.30,64182.641489,1,0,0,0,1,37,9065,4.46,5.39
5151,1,36,6,189060,60,3151,0,30,2167286.90,72242.896667,1,0,0,1,0,4,9753,4.64,5.05
5154,1,31,19,108720,60,1812,0,64,3256524.60,50883.196875,1,0,0,1,0,6,8546,2.95,4.02
5158,1,22,21,188532,36,5237,0,148,9500623.90,64193.404730,0,1,0,0,0,70,10177,6.63,7.75
5160,0,51,12,204000,60,3400,0,65,2457610.90,37809.398462,0,1,0,0,0,45,8390,2.28,2.89
5161,1,49,3,98184,24,4091,0,14,583245.50,41660.392857,0,1,0,0,0,65,8403,5.74,5.72
5169,0,61,19,253200,60,4220,0,134,4567552.00,34086.208955,0,1,0,0,0,52,8363,2.52,3.49
5170,1,43,8,253200,60,4220,0,41,1939404.40,47302.546341,0,1,0,0,0,68,8363,2.52,3.49
5172,0,18,16,50976,36,1416,0,123,3450186.80,28050.299187,0,1,0,0,0,45,8390,2.28,2.89
5174,1,40,16,385104,48,8023,0,102,4838208.90,47433.420588,0,1,0,0,0,54,9897,1.6,1.96
5176,1,30,14,192552,24,8023,1,51,1222929.60,23979.011765,0,1,0,0,0,20,8547,2.65,3.64
5189,1,25,9,149040,48,3105,0,54,1989661.80,36845.588889,0,1,0,0,0,11,9622,0.45,0.59
5206,1,45,9,128544,24,5356,0,60,2431587.30,40526.455000,0,1,0,0,0,74,10673,4.75,5.44
5207,0,51,9,35904,48,748,0,59,1355882.30,22981.055932,0,1,0,0,0,68,9893,4.09,4.72
5208,1,23,21,99696,48,2077,1,108,5004859.70,46341.293519,0,1,0,0,0,25,8403,5.74,5.72
5209,1,54,7,182640,48,3805,0,40,1512089.20,37802.230000,0,1,0,0,0,62,8544,1.29,1.86
5210,1,35,20,148140,36,4115,0,118,4801225.10,40688.348305,0,1,0,0,0,13,8598,2.77,3.26
5212,1,48,13,71064,36,1974,0,86,2973648.00,34577.302326,0,1,0,0,0,38,8965,7.08,8.23
5214,0,36,12,74772,36,2077,0,71,1765921.90,24872.139437,0,1,0,0,0,55,8743,1.88,2.43
5221,0,53,17,52512,12,4376,0,87,5192534.00,59684.298851,0,1,0,0,0,55,8743,1.88,2.43
5226,0,59,9,185544,36,5154,0,35,970547.10,27729.917143,0,1,0,0,0,56,8772,4.69,4.98
5229,0,55,11,23520,12,1960,0,63,1635952.20,25967.495238,0,1,0,0,0,53,8240,2.53,3.56
5236,0,30,11,389136,48,8107,0,62,3704492.80,59749.883871,0,1,0,0,0,53,8240,2.53,3.56
5237,0,38,16,45336,24,1889,0,90,4333765.80,48152.953333,0,1,0,0,0,19,8402,3.13,3.98
5241,0,57,12,125472,24,5228,0,97,4751950.70,48989.182474,0,1,0,0,0,34,9675,6.43,7.68
5245,1,51,9,125472,24,5228,0,77,5495955.40,71376.044156,0,1,0,0,0,19,8402,3.13,3.98
5253,1,31,3,100080,48,2085,0,10,226043.40,22604.340000,0,1,0,0,0,65,8403,5.74,5.72
5260,1,52,18,123300,36,3425,0,90,4952395.80,55026.620000,1,0,0,1,0,41,9832,3.32,4.48
5265,0,47,20,165780,60,2763,0,113,5123669.10,45342.204425,0,1,0,0,0,62,8544,1.29,1.86
5269,1,19,12,164052,36,4557,1,65,2713890.50,41752.161538,0,1,0,0,0,31,8930,3.52,4.2
5270,0,34,13,191088,48,3981,0,78,2549666.60,32688.033333,0,1,0,0,0,50,8187,4.83,5.45
5281,0,29,22,194256,24,8094,0,134,6883644.40,51370.480597,1,0,0,1,0,69,NULL,NULL,NULL
5282,1,27,21,388512,48,8094,1,120,2564558.40,21371.320000,0,1,0,0,0,69,NULL,NULL,NULL
5285,1,37,8,78936,12,6578,0,51,1320916.30,25900.319608,0,1,0,0,0,1,8930,3.52,4.2
5287,0,60,14,64224,24,2676,0,47,2149584.40,45735.838298,0,1,0,0,0,6,8546,2.95,4.02
5293,0,58,20,189792,48,3954,0,128,4449309.30,34760.228906,0,1,0,0,0,47,9538,1.51,1.81
5301,1,45,3,141948,36,3943,0,10,325926.80,32592.680000,1,0,0,1,0,68,9893,4.09,4.72
5304,0,55,10,172272,24,7178,0,55,3363058.80,61146.523636,0,1,0,0,0,71,8678,5.93,5.57
5310,1,54,16,248148,36,6893,0,120,4327654.60,36063.788333,0,1,0,0,0,28,8594,1.62,2.01
5311,0,44,21,30060,60,501,0,186,6921693.80,37213.407527,1,0,0,1,0,28,8594,1.62,2.01
5312,1,42,12,202788,36,5633,0,79,4512817.20,57124.268354,0,1,0,0,0,31,8930,3.52,4.2
5313,1,49,10,43200,24,1800,0,54,1952624.10,36159.705556,0,1,0,0,0,36,9198,3.33,4.28
5314,1,45,3,96396,12,8033,1,4,49000.00,12250.000000,0,1,0,0,0,30,9650,3.38,3.67
5316,0,24,4,165960,36,4610,0,37,1927102.80,52083.859459,0,1,0,0,0,46,8369,1.79,2.31
5318,0,23,16,385584,48,8033,0,78,5433196.80,69656.369231,0,1,0,0,0,28,8594,1.62,2.01
5319,1,51,9,239460,60,3991,0,46,1842832.70,40061.580435,0,1,0,0,0,40,9893,4.09,4.72
5320,0,45,14,143676,36,3991,0,72,2042671.80,28370.441667,0,1,0,0,0,55,8743,1.88,2.43
5325,1,53,6,105804,36,2939,0,25,1032437.00,41297.480000,1,0,0,1,0,12,10045,1.42,1.71
5329,1,46,18,396120,60,6602,0,95,5591251.40,58855.277895,1,0,0,1,0,19,8402,3.13,3.98
5332,1,31,19,37944,36,1054,0,107,6558668.70,61295.969159,1,0,0,1,0,1,12541,0.29,0.43
5334,0,19,11,209040,24,8710,0,66,2968839.90,44982.422727,1,0,1,0,0,1,12541,0.29,0.43
5337,1,38,4,162468,36,4513,0,15,769193.30,51279.553333,0,1,0,0,0,32,9272,2.8,3.22
5338,0,39,10,57360,12,4780,1,75,2766536.70,36887.156000,0,1,0,0,0,6,8546,2.95,4.02
5343,0,27,14,44952,24,1873,0,89,4579388.30,51453.801124,0,1,0,0,0,1,12541,0.29,0.43
5346,0,49,21,55632,24,2318,0,114,3379566.50,29645.320175,0,1,0,0,0,70,10177,6.63,7.75
5350,0,40,14,249312,48,5194,0,60,2154891.30,35914.855000,0,1,0,0,0,26,10787,2.64,3.09
5351,1,31,17,205200,36,5700,0,129,7525384.20,58336.311628,0,1,0,0,0,57,12541,0.29,0.43
5352,1,18,5,68400,12,5700,1,14,445112.30,31793.735714,0,1,0,0,0,68,9893,4.09,4.72
5354,0,60,11,290820,60,4847,0,84,3747834.80,44617.080952,1,0,0,1,0,5,9307,3.85,4.43
5358,0,57,19,38520,12,3210,0,114,2306369.70,20231.313158,0,1,0,0,0,42,8388,2.41,2.94
5360,0,54,20,176328,36,4898,0,171,8065201.10,47164.918713,0,1,0,0,0,53,8240,2.53,3.56
5363,1,22,17,293880,60,4898,1,90,4790443.00,53227.144444,1,0,0,0,1,64,9624,1.6,2.31
5365,0,27,15,271260,60,4521,0,73,1085756.60,14873.378082,0,1,0,0,0,37,9065,4.46,5.39
5366,1,55,7,86184,12,7182,0,42,2531494.50,60273.678571,1,0,0,1,0,70,10177,6.63,7.75
5367,1,19,7,83628,36,2323,0,34,987788.70,29052.608824,0,1,0,0,0,54,9897,1.6,1.96
5368,0,41,13,44640,24,1860,0,67,2757336.70,41154.279104,0,1,0,0,0,59,8444,3.24,3.47
5369,0,60,4,214596,36,5961,0,17,1068499.60,62852.917647,1,0,0,1,0,74,10673,4.75,5.44
5375,1,19,8,101520,12,8460,0,38,1005065.50,26449.092105,0,1,0,0,0,1,12541,0.29,0.43
5377,1,23,15,92400,12,7700,0,104,4398283.30,42291.185577,1,0,0,1,0,70,10177,6.63,7.75
5382,1,43,7,22932,36,637,0,41,1744012.30,42536.885366,0,1,0,0,0,52,8363,2.52,3.49
5384,1,33,6,23328,12,1944,0,27,1088414.20,40311.637037,0,1,0,0,0,42,8388,2.41,2.94
5385,1,16,7,71460,36,1985,0,31,1525850.40,49220.980645,1,0,1,0,0,1,12541,0.29,0.43
5388,0,53,10,61560,12,5130,0,71,2340707.60,32967.712676,1,0,0,1,0,31,8930,3.52,4.2
5389,0,41,4,78600,24,3275,0,14,600633.70,42902.407143,0,1,0,0,0,51,8541,2.51,2.97
5390,1,29,14,170256,24,7094,0,77,3087021.10,40091.183117,1,0,0,1,0,16,8427,1.12,1.54
5395,1,27,13,299088,36,8308,1,126,6551099.70,51992.854762,0,1,0,0,0,67,8110,5.77,6.55
5398,0,57,20,53472,12,4456,0,134,8595363.30,64144.502239,0,1,0,0,0,9,8899,3.39,3.97
5409,1,44,11,182040,60,3034,0,59,3981078.20,67475.901695,1,0,0,1,0,19,8402,3.13,3.98
5413,1,25,18,92976,24,3874,0,109,5497574.80,50436.466055,1,0,0,1,0,31,8930,3.52,4.2
5414,0,50,12,185952,48,3874,0,34,1703848.60,50113.194118,0,1,0,0,0,34,9675,6.43,7.68
5415,0,38,12,139464,36,3874,1,31,977515.20,31532.748387,0,1,0,0,0,73,8746,3.33,3.74
5418,1,30,21,347952,48,7249,0,120,6498863.30,54157.194167,0,1,0,0,0,29,8843,2.82,3.6
5419,1,47,9,415800,60,6930,0,37,1637815.10,44265.272973,0,1,0,0,0,1,12541,0.29,0.43
5420,1,46,10,72504,24,3021,0,99,4492089.60,45374.642424,0,1,0,0,0,24,8991,1.39,2.01
5428,0,48,21,230220,36,6395,0,153,9933243.90,64923.162745,1,0,0,1,0,13,8598,2.77,3.26
5429,0,25,17,20196,36,561,0,96,5053113.50,52636.598958,0,1,0,0,0,1,12541,0.29,0.43
5435,0,24,19,314688,48,6556,0,107,5681097.00,53094.364486,1,0,0,1,0,2,8507,1.67,1.85
5445,0,17,17,46320,24,1930,0,178,7771090.80,43657.813483,0,1,0,0,0,33,8705,5.75,7.61
5446,0,38,16,48312,24,2013,0,94,2998358.70,31897.432979,0,1,0,0,0,50,8187,4.83,5.45
5447,1,50,19,541200,60,9020,1,174,2089113.00,12006.396552,0,1,0,0,0,70,10177,6.63,7.75
5449,1,15,10,99336,24,4139,0,52,1405017.70,27019.571154,0,1,0,0,0,68,9893,4.09,4.72
5450,0,45,13,199680,60,3328,0,74,2490737.70,33658.617568,0,1,0,0,0,5,8363,2.52,3.49
5451,1,24,9,159744,48,3328,0,28,1578886.70,56388.810714,1,0,0,1,0,18,8968,2.83,3.35
5452,1,29,15,49440,60,824,0,110,5257875.20,47798.865455,0,1,0,0,0,70,10177,6.63,7.75
5453,1,38,13,156672,36,4352,0,75,1719562.70,22927.502667,0,1,0,0,0,28,8594,1.62,2.01
5463,1,44,11,17952,12,1496,0,58,1658677.40,28597.886207,0,1,0,0,0,33,8705,5.75,7.61
5464,0,54,14,95808,12,7984,0,90,5373160.80,59701.786667,0,1,0,0,0,24,9425,1.72,2.5
5469,1,19,17,293160,60,4886,0,97,4824840.50,49740.623711,0,1,0,0,0,52,8363,2.52,3.49
5470,0,41,7,200976,48,4187,0,35,1677832.30,47938.065714,0,1,0,0,0,65,8403,5.74,5.72
5479,0,35,10,24516,12,2043,0,73,4057502.50,55582.226027,0,1,0,0,0,1,12541,0.29,0.43
5482,1,45,19,165120,60,2752,0,116,2827775.10,24377.371552,0,1,0,0,0,51,8541,2.51,2.97
5486,1,51,18,466608,48,9721,0,102,3688424.20,36161.021569,0,1,0,0,0,6,8546,2.95,4.02
5491,0,61,14,428784,48,8933,0,110,2434710.90,22133.735455,0,1,0,0,0,1,12541,0.29,0.43
5494,1,23,19,360000,48,7500,0,136,6956353.10,51149.655147,0,1,0,0,0,64,9624,1.6,2.31
5495,1,24,8,89340,60,1489,0,44,1744369.60,39644.763636,0,1,0,0,0,60,8441,3.45,4.48
5501,1,33,21,136344,24,5681,0,130,4117606.60,31673.896923,0,1,0,0,0,1,12541,0.29,0.43
5519,1,31,12,91632,12,7636,0,70,2868386.00,40976.942857,0,1,0,0,0,7,8363,2.52,3.49
5520,1,20,20,231168,48,4816,0,144,7862232.80,54598.838889,1,0,1,0,0,73,8746,3.33,3.74
5523,1,43,5,93888,36,2608,0,19,712699.40,37510.494737,0,1,0,0,0,63,8288,3.79,4.52
5525,0,61,10,93888,36,2608,0,91,6329440.60,69554.292308,0,1,0,0,0,2,8507,1.67,1.85
5526,0,51,19,69624,36,1934,0,145,7126127.60,49145.707586,1,0,0,1,0,52,8363,2.52,3.49
5527,0,41,11,156420,60,2607,0,63,3144276.80,49909.155556,0,1,0,0,0,52,8363,2.52,3.49
5531,1,26,19,66432,24,2768,0,107,3535268.50,33039.892523,0,1,0,0,0,26,10787,2.64,3.09
5532,1,44,15,335280,48,6985,0,97,4232055.30,43629.436082,0,1,0,0,0,57,8720,3.73,4.5
5533,0,27,15,111384,24,4641,0,152,9894778.10,65097.224342,0,1,0,0,0,19,9622,0.45,0.59
5549,1,46,8,50460,60,841,0,43,1615537.00,37570.627907,1,0,0,0,1,11,9622,0.45,0.59
5556,1,44,8,268320,60,4472,0,52,1269387.30,24411.294231,0,1,0,0,0,1,12541,0.29,0.43
5561,1,45,10,437460,60,7291,0,53,2593578.10,48935.435849,1,0,0,1,0,68,9893,4.09,4.72
5563,0,46,18,380160,60,6336,0,109,7060701.20,64777.075229,1,0,0,1,0,74,10673,4.75,5.44
5568,0,54,10,272520,60,4542,0,84,3746621.90,44602.641667,0,1,0,0,0,10,10124,0.56,0.54
5569,0,26,21,504000,60,8400,0,124,2596881.70,20942.594355,0,1,0,0,0,3,8980,1.95,2.21
5576,1,55,18,31248,12,2604,0,120,7739171.90,64493.099167,0,1,0,0,0,1,12541,0.29,0.43
5582,0,59,22,41256,12,3438,0,215,13652587.50,63500.406977,1,0,0,0,1,19,8402,3.13,3.98
5584,0,39,19,24792,24,1033,0,135,6353351.10,47061.860000,1,0,0,1,0,63,8288,3.79,4.52
5585,0,50,20,88608,12,7384,0,134,6867383.40,51249.129851,0,1,0,0,0,66,8512,3.51,4.12
5586,1,32,4,48744,36,1354,0,14,601022.90,42930.207143,1,0,0,1,0,77,8909,4.01,5.56
5589,0,50,16,390000,48,8125,0,44,2147142.70,48798.697727,0,1,0,0,0,42,8388,2.41,2.94
5591,1,37,7,155616,48,3242,0,30,1182782.10,39426.070000,0,1,0,0,0,10,10124,0.56,0.54
5593,1,15,22,277884,36,7719,1,117,5438979.30,46487.002564,0,1,0,0,0,44,8254,2.79,3.76
5595,0,22,15,82896,12,6908,0,126,7199858.10,57141.730952,1,0,0,1,0,60,8208,1.89,2.26
5599,1,29,21,15420,12,1285,0,151,3711157.20,24577.200000,0,1,0,0,0,40,12541,0.29,0.43
5606,1,51,7,253512,36,7042,1,29,1075779.50,37095.844828,0,1,0,0,0,59,8444,3.24,3.47
5610,1,18,18,123216,48,2567,0,128,9039722.70,70622.833594,1,0,1,0,0,38,8965,7.08,8.23
5611,0,60,7,321180,60,5353,0,38,1539929.60,40524.463158,0,1,0,0,0,14,10045,1.42,1.71
5614,1,47,21,253560,60,4226,0,108,4300852.80,39822.711111,0,1,0,0,0,39,10446,7.34,9.4
5616,1,43,18,130896,24,5454,0,113,3580416.20,31685.099115,0,1,0,0,0,38,8965,7.08,8.23
5620,0,44,21,30012,12,2501,0,103,4800762.90,46609.348544,0,1,0,0,0,48,9060,1.78,2.44
5624,0,22,16,177744,48,3703,1,95,2540919.90,26746.525263,1,0,0,1,0,71,8444,3.24,3.47
5625,0,57,12,222180,60,3703,1,59,3258596.20,55230.444068,0,1,0,0,0,29,8843,2.82,3.6
5634,0,60,17,39024,12,3252,0,136,8199433.80,60289.954412,1,0,0,1,0,64,9624,1.6,2.31
5635,1,41,18,77184,36,2144,0,77,3905614.80,50722.270130,0,1,0,0,0,1,12541,0.29,0.43
5638,0,39,10,68124,12,5677,0,51,1469259.00,28809.000000,0,1,0,0,0,74,10673,4.75,5.44
5643,0,44,20,94512,12,7876,1,134,6440288.80,48061.856716,0,1,0,0,0,74,10673,4.75,5.44
5644,1,34,15,276084,36,7669,0,142,8302199.50,58466.193662,1,0,0,1,0,1,12541,0.29,0.43
5651,0,33,13,19248,12,1604,0,72,2596750.20,36065.975000,0,1,0,0,0,3,8980,1.95,2.21
5656,1,43,5,146064,24,6086,0,22,975810.90,44355.040909,0,1,0,0,0,74,10673,4.75,5.44
5657,1,41,8,4980,12,415,0,46,1404535.10,30533.371739,0,1,0,0,0,63,8288,3.79,4.52
5665,1,52,14,40632,12,3386,0,118,5720473.70,48478.590678,0,1,0,0,0,12,8754,3.83,4.31
5669,0,34,13,71820,36,1995,0,79,4289193.80,54293.592405,0,1,0,0,0,63,8288,3.79,4.52
5674,0,34,9,207264,48,4318,0,58,3558015.80,61345.100000,0,1,0,0,0,42,8388,2.41,2.94
5681,1,17,16,68664,24,2861,0,73,2690475.10,36855.823288,0,1,0,0,0,58,8757,3.38,3.95
5682,0,61,11,67464,12,5622,0,57,2622923.30,46016.198246,0,1,0,0,0,34,9675,6.43,7.68
5683,0,56,13,140688,48,2931,0,85,4888719.50,57514.347059,0,1,0,0,0,16,8427,1.12,1.54
5693,1,44,7,44088,24,1837,0,32,1169562.20,36548.818750,0,1,0,0,0,9,8899,3.39,3.97
5698,1,47,12,174840,60,2914,0,87,3029554.80,34822.468966,0,1,0,0,0,58,8757,3.38,3.95
5699,1,20,22,174960,24,7290,0,143,8426476.80,58926.411189,0,1,0,0,0,50,8187,4.83,5.45
5706,0,24,20,161496,36,4486,0,130,4318587.00,33219.900000,0,1,0,0,0,72,8994,3.8,4.79
5713,0,17,22,158760,60,2646,0,166,4134854.40,24908.761446,0,1,0,0,0,48,9060,1.78,2.44
5718,1,51,22,14028,12,1169,0,156,8081115.00,51802.019231,0,1,0,0,0,53,8240,2.53,3.56
5719,0,21,16,271584,48,5658,0,90,5614838.10,62387.090000,1,0,0,1,0,1,12541,0.29,0.43
5723,0,40,17,23628,12,1969,0,110,5216292.60,47420.841818,0,1,0,0,0,38,8965,7.08,8.23
5724,0,26,22,316140,60,5269,1,139,2589977.80,18632.933813,0,1,0,0,0,1,12541,0.29,0.43
5725,0,32,11,444864,48,9268,0,64,2073905.50,32404.773438,0,1,0,0,0,64,9624,1.6,2.31
5731,1,32,5,460980,60,7683,1,26,1180663.90,45410.150000,0,1,0,0,0,3,8980,1.95,2.21
5739,1,37,8,76380,12,6365,0,45,1175528.20,26122.848889,0,1,0,0,0,1,12541,0.29,0.43
5740,1,32,4,18564,12,1547,0,13,461994.60,35538.046154,0,1,0,0,0,1,12541,0.29,0.43
5741,0,20,8,68544,24,2856,0,54,2427225.80,44948.625926,0,1,0,0,0,37,9065,4.46,5.39
5750,1,46,22,63252,12,5271,0,164,8083858.90,49291.822561,0,1,0,0,0,7,9920,2.26,2.87
5754,1,53,20,23052,12,1921,0,171,4065006.20,23771.966082,0,1,0,0,0,54,9897,1.6,1.96
5758,0,35,12,307200,60,5120,1,68,3024917.10,44484.075000,0,1,0,0,0,53,8240,2.53,3.56
5760,0,56,21,74916,36,2081,0,169,9486587.30,56133.652663,0,1,0,0,0,1,12541,0.29,0.43
5765,0,48,3,153936,24,6414,0,11,638347.90,58031.627273,0,1,0,0,0,44,8254,2.79,3.76
5772,1,36,8,334620,60,5577,0,35,2270238.40,64863.954286,0,1,0,0,0,52,8363,2.52,3.49
5773,1,37,22,133848,24,5577,0,112,4728643.30,42220.029464,0,1,0,0,0,37,9065,4.46,5.39
5774,0,26,9,96984,36,2694,0,55,1171432.90,21298.780000,0,1,0,0,0,8,11277,1.25,1.44
5779,1,57,17,107352,36,2982,0,84,4871590.00,57995.119048,0,1,0,0,0,27,8561,0.65,1.29
5782,1,37,6,63576,12,5298,0,32,1892114.80,59128.587500,0,1,0,0,0,1,12541,0.29,0.43
5784,0,58,6,84600,36,2350,1,32,1336534.20,41766.693750,0,1,0,0,0,54,9897,1.6,1.96
5790,1,19,4,84288,48,1756,0,12,357889.50,29824.125000,0,1,0,0,0,57,8720,3.73,4.5
5799,0,19,11,106128,36,2948,0,52,1875741.00,36071.942308,0,1,0,0,0,36,9198,3.33,4.28
5804,0,56,17,158976,48,3312,0,156,7786910.20,49916.091026,0,1,0,0,0,52,8363,2.52,3.49
5805,0,27,4,137904,24,5746,1,12,322634.30,26886.191667,0,1,0,0,0,11,9622,0.45,0.59
5808,1,36,14,41856,48,872,0,103,3971604.20,38559.264078,1,0,0,1,0,54,9897,1.6,1.96
5815,0,51,7,151200,36,4200,0,40,2653827.30,66345.682500,0,1,0,0,0,6,8546,2.95,4.02
5817,0,59,15,100800,24,4200,1,64,1705585.30,26649.770313,0,1,0,0,0,50,8187,4.83,5.45
5823,1,24,22,212976,36,5916,0,149,7395721.60,49635.715436,0,1,0,0,0,1,12541,0.29,0.43
5830,0,46,22,405780,60,6763,0,176,5991819.60,34044.429545,0,1,0,0,0,62,8544,1.29,1.86
5836,1,35,4,79632,24,3318,0,16,1015907.20,63494.200000,0,1,0,0,0,66,8512,3.51,4.12
5837,1,26,8,244560,60,4076,0,42,1613922.60,38426.728571,0,1,0,0,0,56,8757,3.38,3.95
5841,0,25,20,41988,12,3499,0,129,4788789.10,37122.396124,0,1,0,0,0,77,8909,4.01,5.56
5850,1,40,15,164196,36,4561,0,49,2428375.60,49558.685714,0,1,0,0,0,64,9624,1.6,2.31
5856,1,51,12,51360,12,4280,1,87,4666364.60,53636.374713,0,1,0,0,0,61,8814,4.76,5.74
5861,0,45,12,51408,24,2142,0,64,3347154.30,52299.285938,1,0,0,1,0,29,8843,2.82,3.6
5862,1,49,19,100128,24,4172,0,139,7852998.40,56496.391367,1,0,0,1,0,74,10673,4.75,5.44
5865,1,56,21,327660,60,5461,0,126,6209499.10,49281.738889,1,0,0,1,0,38,8965,7.08,8.23
5868,1,50,12,90156,12,7513,0,65,5039132.60,77525.116923,1,0,0,0,1,69,NULL,NULL,NULL
5876,0,26,12,221280,48,4610,0,71,2669382.20,37596.932394,0,1,0,0,0,74,10673,4.75,5.44
5877,1,43,17,97224,24,4051,0,112,2504380.10,22360.536607,0,1,0,0,0,24,8114,2.38,2.62
5878,1,41,20,74040,12,6170,0,190,8404617.60,44234.829474,0,1,0,0,0,73,8746,3.33,3.74
5880,1,28,6,73836,36,2051,0,19,1050988.20,55315.168421,1,0,0,1,0,39,10446,7.34,9.4
5882,0,33,15,87816,12,7318,0,84,2144790.00,25533.214286,0,1,0,0,0,32,12541,0.29,0.43
5886,0,32,4,192744,36,5354,0,26,1627351.00,62590.423077,0,1,0,0,0,62,8544,1.29,1.86
5887,1,23,16,192744,36,5354,0,76,2832189.80,37265.655263,1,0,0,1,0,60,8441,3.45,4.48
5889,0,28,17,321240,60,5354,0,136,10448399.10,76826.463971,1,0,0,1,0,14,10045,1.42,1.71
5892,0,60,4,66480,24,2770,1,10,347982.80,34798.280000,0,1,0,0,0,73,8746,3.33,3.74
5893,0,29,15,86184,36,2394,0,84,2390610.20,28459.645238,0,1,0,0,0,17,8114,2.38,2.62
5895,0,34,14,93960,60,1566,0,89,4852298.00,54520.202247,0,1,0,0,0,45,8390,2.28,2.89
5897,1,23,22,15192,24,633,0,169,5060182.00,29941.905325,0,1,0,0,0,24,8991,1.39,2.01
5900,0,20,11,135360,48,2820,0,77,4995861.20,64881.314286,1,0,1,0,0,50,8187,4.83,5.45
5906,1,53,9,81144,36,2254,0,51,3458573.90,67815.174510,1,0,0,1,0,68,9893,4.09,4.72
5909,1,50,10,61320,60,1022,0,74,1712152.10,23137.190541,0,1,0,0,0,56,8772,4.69,4.98
5918,0,30,11,300204,36,8339,0,71,2419996.70,34084.460563,0,1,0,0,0,27,8720,3.73,4.5
5922,1,22,11,20220,12,1685,0,51,2094959.40,41077.635294,1,0,0,1,0,9,8899,3.39,3.97
5923,0,49,4,64656,48,1347,0,12,310757.60,25896.466667,1,0,0,1,0,27,8561,0.65,1.29
5930,0,22,3,66696,24,2779,0,16,933770.90,58360.681250,1,0,0,1,0,1,12541,0.29,0.43
5931,1,30,7,66696,24,2779,1,43,2233644.30,51945.216279,0,1,0,0,0,3,8980,1.95,2.21
5932,1,26,12,33348,12,2779,0,63,2885848.20,45807.114286,0,1,0,0,0,9,8899,3.39,3.97
5933,0,46,12,87528,24,3647,0,57,2435549.10,42728.931579,1,0,0,1,0,77,8909,4.01,5.56
5938,0,16,10,402000,60,6700,0,54,1164722.50,21568.935185,0,1,0,0,0,4,9753,4.64,5.05
5940,1,44,4,106944,24,4456,0,18,1031833.30,57324.072222,0,1,0,0,0,63,8288,3.79,4.52
5942,1,39,19,162624,48,3388,0,134,4970454.70,37092.945522,0,1,0,0,0,70,10177,6.63,7.75
5953,1,42,4,97176,24,4049,0,16,1062029.60,66376.850000,1,0,0,1,0,8,11277,1.25,1.44
5956,0,47,6,168264,36,4674,0,25,1001114.40,40044.576000,0,1,0,0,0,73,8746,3.33,3.74
5959,1,35,5,107640,24,4485,0,23,1154933.60,50214.504348,0,1,0,0,0,2,8507,1.67,1.85
5963,0,44,6,204780,60,3413,0,23,1124474.10,48890.178261,1,0,0,1,0,54,9897,1.6,1.96
5970,0,47,17,465072,48,9689,0,103,2861210.80,27778.745631,0,1,0,0,0,66,8512,3.51,4.12
5973,1,37,3,219456,48,4572,0,11,488026.60,44366.054545,0,1,0,0,0,46,8369,1.79,2.31
5976,0,35,12,465504,48,9698,1,86,2265852.70,26347.124419,0,1,0,0,0,72,8994,3.8,4.79
5977,1,17,8,59136,48,1232,0,44,1013041.00,23023.659091,0,1,0,0,0,26,10787,2.64,3.09
5980,0,26,14,21396,12,1783,0,78,2403409.80,30812.946154,0,1,0,0,0,15,9045,3.13,3.6
5988,0,44,6,141648,24,5902,0,18,811807.60,45100.422222,0,1,0,0,0,52,8363,2.52,3.49
5989,0,31,10,213300,36,5925,0,59,1649162.90,27951.913559,0,1,0,0,0,47,9538,1.51,1.81
5991,1,20,13,335184,48,6983,1,88,3406481.00,38710.011364,0,1,0,0,0,67,8110,5.77,6.55
5992,1,17,12,76080,12,6340,0,81,4100309.50,50621.104938,1,0,1,0,0,5,9307,3.85,4.43
5997,0,58,4,117024,24,4876,0,13,573705.20,44131.169231,1,0,0,1,0,14,10045,1.42,1.71
5999,1,25,22,98832,48,2059,0,177,5631125.50,31814.268362,0,1,0,0,0,42,8388,2.41,2.94
6004,0,43,17,143904,24,5996,0,139,6912116.40,49727.456115,0,1,0,0,0,12,8187,4.83,5.45
6006,0,17,15,359760,60,5996,0,48,1556865.30,32434.693750,0,1,0,0,0,43,9425,1.72,2.5
6007,1,53,10,289920,48,6040,0,45,2653167.50,58959.277778,1,0,0,0,1,33,8705,5.75,7.61
6010,0,59,6,150180,60,2503,0,16,814272.00,50892.000000,0,1,0,0,0,60,8441,3.45,4.48
6011,0,23,10,179328,48,3736,0,52,2292886.50,44093.971154,0,1,0,0,0,54,9897,1.6,1.96
6012,0,30,6,258444,36,7179,0,16,651010.20,40688.137500,0,1,0,0,0,1,12541,0.29,0.43
6013,0,56,18,128988,36,3583,1,82,2848737.60,34740.702439,0,1,0,0,0,20,8547,2.65,3.64
6014,1,38,15,165168,36,4588,0,97,3441430.20,35478.661856,1,0,0,1,0,1,12541,0.29,0.43
6015,0,33,10,110112,24,4588,0,82,6251081.40,76232.700000,0,1,0,0,0,53,8240,2.53,3.56
6019,1,16,11,11400,12,950,0,77,2120092.10,27533.663636,0,1,0,0,0,54,9897,1.6,1.96
6027,1,42,5,61656,24,2569,1,12,537161.50,44763.458333,0,1,0,0,0,13,8598,2.77,3.26
6028,1,28,9,317520,60,5292,0,73,4143283.60,56757.309589,0,1,0,0,0,6,8546,2.95,4.02
6037,0,32,20,53232,48,1109,0,150,4634400.40,30896.002667,0,1,0,0,0,72,8994,3.8,4.79
6038,1,53,13,323472,48,6739,0,57,2588602.20,45414.073684,1,0,0,1,0,1,12541,0.29,0.43
6043,1,47,9,20352,48,424,0,48,1527091.90,31814.414583,0,1,0,0,0,58,8757,3.38,3.95
6044,0,54,13,57060,12,4755,0,86,3956055.50,46000.645349,1,0,0,1,0,68,9893,4.09,4.72
6052,0,57,10,22356,36,621,0,54,1358152.70,25150.975926,0,1,0,0,0,5,9307,3.85,4.43
6054,1,52,16,58764,12,4897,0,34,1106471.00,32543.264706,1,0,0,1,0,54,9897,1.6,1.96
6055,1,54,14,399120,60,6652,0,60,2546118.70,42435.311667,0,1,0,0,0,75,8819,5.38,5.66
6059,0,40,5,79824,12,6652,0,31,1528579.30,49309.009677,1,0,0,1,0,13,8598,2.77,3.26
6063,0,59,8,320976,48,6687,1,50,2474148.40,49482.968000,1,0,0,1,0,1,12541,0.29,0.43
6064,1,45,13,14628,12,1219,0,102,3344390.50,32788.142157,1,0,0,1,0,55,8743,1.88,2.43
6066,1,37,12,173808,24,7242,0,75,4591399.40,61218.658667,0,1,0,0,0,77,8909,4.01,5.56
6072,0,21,6,193968,36,5388,0,29,1843797.30,63579.217241,0,1,0,0,0,72,8994,3.8,4.79
6073,0,20,15,276300,60,4605,0,92,2391775.80,25997.563043,0,1,0,0,0,64,9624,1.6,2.31
6075,1,24,22,129312,24,5388,1,152,6890299.80,45330.919737,0,1,0,0,0,4,9753,4.64,5.05
6076,0,30,6,117420,60,1957,0,43,1756197.20,40841.795349,0,1,0,0,0,49,8208,1.89,2.26
6077,0,23,10,79608,24,3317,0,53,3707592.30,69954.571698,0,1,0,0,0,44,8254,2.79,3.76
6078,0,28,11,170832,48,3559,0,65,4227465.40,65037.929231,0,1,0,0,0,15,9045,3.13,3.6
6083,0,41,18,240528,48,5011,0,91,3743286.00,41135.010989,0,1,0,0,0,47,9538,1.51,1.81
6087,0,44,9,300660,60,5011,0,66,3026422.80,45854.890909,0,1,0,0,0,40,9317,6.49,7.07
6088,0,36,4,90180,36,2505,0,13,409712.50,31516.346154,0,1,0,0,0,28,8594,1.62,2.01
6095,0,43,20,68340,60,1139,0,114,4757837.90,41735.420175,0,1,0,0,0,4,9753,4.64,5.05
6097,1,56,11,202848,48,4226,0,74,2752829.30,37200.395946,0,1,0,0,0,76,8369,4.73,5.88
6103,0,31,10,149340,60,2489,0,56,1627870.50,29069.116071,0,1,0,0,0,44,8254,2.79,3.76
6104,0,44,16,158184,36,4394,0,95,4529597.50,47679.973684,0,1,0,0,0,47,9538,1.51,1.81
6109,0,21,19,368880,60,6148,0,182,10925595.30,60030.743407,0,1,0,0,0,66,8512,3.51,4.12
6111,1,45,5,174744,24,7281,1,32,1199534.60,37485.456250,0,1,0,0,0,24,8991,1.39,2.01
6112,1,15,14,174744,24,7281,1,118,3097832.10,26252.814407,1,0,1,0,0,34,9307,3.85,4.43
6113,1,26,7,78696,36,2186,0,41,1651986.00,40292.341463,0,1,0,0,0,72,8994,3.8,4.79
6118,0,43,21,349392,48,7279,0,145,8692905.90,59951.075172,1,0,0,1,0,57,8720,3.73,4.5
6120,0,41,12,209184,48,4358,0,68,3143663.10,46230.339706,0,1,0,0,0,52,12541,0.29,0.43
6130,0,53,15,32640,48,680,0,107,2771985.80,25906.409346,0,1,0,0,0,43,9425,1.72,2.5
6136,0,40,8,140880,60,2348,0,43,1941902.00,45160.511628,0,1,0,0,0,15,9045,3.13,3.6
6137,0,52,20,44628,12,3719,0,146,7223688.90,49477.321233,0,1,0,0,0,13,8598,2.77,3.26
6142,1,53,10,221880,60,3698,0,71,3155304.80,44440.912676,0,1,0,0,0,9,8899,3.39,3.97
6144,0,34,5,44376,12,3698,0,39,2086703.40,53505.215385,1,0,0,1,0,15,9045,3.13,3.6
6147,0,53,17,177504,48,3698,0,86,3846208.60,44723.355814,1,0,0,1,0,19,8402,3.13,3.98
6150,0,15,20,83016,12,6918,0,196,13306819.30,67891.935204,1,0,1,0,0,70,8720,3.73,4.5
6151,1,46,10,225420,60,3757,0,51,1590443.00,31185.156863,0,1,0,0,0,61,8814,4.76,5.74
6153,1,14,8,285600,60,4760,0,49,2432942.70,49651.891837,0,1,0,0,0,5,9307,3.85,4.43
6157,1,31,6,98592,24,4108,0,26,1407342.70,54128.565385,0,1,0,0,0,10,10124,0.56,0.54
6168,1,47,14,99216,36,2756,0,86,4903601.10,57018.617442,0,1,0,0,0,1,12541,0.29,0.43
6169,0,23,19,103680,60,1728,1,109,3079261.90,28250.109174,0,1,0,0,0,42,8388,2.41,2.94
6173,1,57,20,232560,48,4845,0,176,7070907.80,40175.612500,0,1,0,0,0,14,10045,1.42,1.71
6175,1,36,12,290700,60,4845,1,100,5964742.40,59647.424000,0,1,0,0,0,52,8363,2.52,3.49
6178,1,25,5,232560,48,4845,0,27,1706093.10,63188.633333,0,1,0,0,0,74,10673,4.75,5.44
6185,0,27,5,31176,24,1299,0,23,1064995.50,46304.152174,0,1,0,0,0,1,12541,0.29,0.43
6190,0,28,9,123600,60,2060,0,49,1936219.20,39514.677551,0,1,0,0,0,70,10177,6.63,7.75
6196,1,26,13,177804,36,4939,0,91,4948127.10,54375.023077,0,1,0,0,0,5,9307,3.85,4.43
6202,0,36,14,65184,12,5432,0,82,3888977.10,47426.550000,1,0,0,0,1,54,8980,1.95,2.21
6207,1,34,19,184620,60,3077,0,113,3930765.40,34785.534513,0,1,0,0,0,45,8390,2.28,2.89
6210,0,30,6,87216,48,1817,1,33,935954.20,28362.248485,0,1,0,0,0,15,9045,3.13,3.6
6215,1,54,12,78720,48,1640,0,71,3260405.10,45921.198592,1,0,0,1,0,27,8561,0.65,1.29
6216,0,32,12,141240,24,5885,0,102,5836396.60,57219.574510,1,0,0,1,0,50,8187,4.83,5.45
6223,1,37,11,61056,48,1272,0,64,2306499.30,36039.051563,0,1,0,0,0,1,8720,3.73,4.5
6227,1,25,18,28248,24,1177,0,94,4284750.20,45582.448936,1,0,0,0,1,47,9538,1.51,1.81
6228,1,52,8,464520,60,7742,1,68,3519681.10,51760.016176,0,1,0,0,0,6,8909,4.01,5.56
6229,0,56,17,11736,24,489,0,133,5615850.40,42224.439098,0,1,0,0,0,1,12541,0.29,0.43
6232,0,45,10,276660,36,7685,1,58,1116899.90,19256.894828,0,1,0,0,0,56,8772,4.69,4.98
6234,1,35,14,5148,12,429,0,80,3455782.50,43197.281250,0,1,0,0,0,1,12541,0.29,0.43
6235,0,23,19,321360,60,5356,0,140,7406757.00,52905.407143,1,0,0,1,0,24,8991,1.39,2.01
6237,1,23,15,407952,48,8499,1,78,1153275.70,14785.585897,0,1,0,0,0,19,8402,3.13,3.98
6239,1,19,12,360864,48,7518,1,86,4546942.50,52871.424419,0,1,0,0,0,6,8546,2.95,4.02
6242,1,24,4,26208,36,728,0,12,329038.20,27419.850000,0,1,0,0,0,29,8843,2.82,3.6
6244,0,57,10,270648,36,7518,1,72,4379038.30,60819.976389,0,1,0,0,0,1,12541,0.29,0.43
6249,1,34,6,67608,24,2817,0,23,694170.30,30181.317391,0,1,0,0,0,54,9897,1.6,1.96
6253,0,35,10,59760,24,2490,0,54,2171041.10,40204.464815,1,0,0,1,0,74,10673,4.75,5.44
6254,1,55,13,247920,48,5165,0,83,4548388.10,54799.856627,1,0,0,1,0,34,9675,6.43,7.68
6255,1,39,8,247920,48,5165,1,15,353912.20,23594.146667,0,1,0,0,0,67,8110,5.77,6.55
6272,1,34,16,398640,60,6644,0,86,5450987.50,63383.575581,0,1,0,0,0,74,10673,4.75,5.44
6278,0,60,7,87360,24,3640,0,69,4827480.40,69963.484058,1,0,0,1,0,5,9307,3.85,4.43
6279,0,31,10,87360,24,3640,0,30,1103518.50,36783.950000,1,0,0,1,0,38,8965,7.08,8.23
6283,1,47,16,85632,48,1784,0,85,5530672.50,65066.735294,0,1,0,0,0,64,9624,1.6,2.31
6294,0,41,14,79920,60,1332,0,95,4165462.90,43846.977895,1,0,0,1,0,26,10787,2.64,3.09
6296,0,34,14,270384,48,5633,0,87,4145919.30,47654.244828,0,1,0,0,0,3,8980,1.95,2.21
6297,0,48,14,17508,12,1459,0,72,2828924.50,39290.618056,1,0,0,0,1,74,8754,3.83,4.31
6302,1,30,18,181020,60,3017,0,93,3162549.30,34005.906452,0,1,0,0,0,48,9060,1.78,2.44
6303,1,37,4,72408,24,3017,1,13,586290.40,45099.261538,0,1,0,0,0,31,8930,3.52,4.2
6306,1,16,20,36684,12,3057,0,125,3778724.70,30229.797600,0,1,0,0,0,31,10177,6.63,7.75
6309,1,38,18,110136,24,4589,0,63,3201395.70,50815.804762,0,1,0,0,0,1,12541,0.29,0.43
6310,1,20,7,34572,12,2881,0,40,2424766.40,60619.160000,0,1,0,0,0,1,12541,0.29,0.43
6312,0,46,21,10944,36,304,0,165,3784286.90,22935.072121,0,1,0,0,0,34,9675,6.43,7.68
6313,1,21,10,150912,36,4192,0,67,3500767.50,52250.261194,1,0,0,1,0,50,8187,4.83,5.45
6315,1,19,11,43164,12,3597,0,69,4718017.40,68377.063768,0,1,0,0,0,61,8814,4.76,5.74
6316,1,48,16,76908,12,6409,1,102,5394821.20,52890.403922,0,1,0,0,0,12,9753,4.64,5.05
6320,0,31,21,104964,12,8747,0,124,5087265.10,41026.331452,0,1,0,0,0,6,8546,2.95,4.02
6321,1,34,12,38496,12,3208,0,36,1538364.10,42732.336111,1,0,0,1,0,7,9920,2.26,2.87
6322,0,31,4,76992,24,3208,0,35,2169730.50,61992.300000,1,0,0,1,0,74,10673,4.75,5.44
6336,1,27,12,212400,36,5900,0,71,3623439.70,51034.361972,0,1,0,0,0,38,8965,7.08,8.23
6338,1,19,10,390660,60,6511,0,81,5147116.30,63544.645679,1,0,1,0,0,1,12541,0.29,0.43
6342,0,19,7,60156,36,1671,1,56,4069387.60,72667.635714,0,1,0,0,0,16,8427,1.12,1.54
6346,0,29,22,100260,60,1671,0,62,2482919.20,40047.083871,1,0,0,1,0,1,12541,0.29,0.43
6350,1,30,18,294384,48,6133,0,129,7958278.00,61692.077519,0,1,0,0,0,54,9897,1.6,1.96
6353,0,39,22,116496,24,4854,0,120,4954202.20,41285.018333,0,1,0,0,0,61,8814,4.76,5.74
6354,1,46,3,22968,36,638,0,11,256574.30,23324.936364,0,1,0,0,0,16,8427,1.12,1.54
6355,0,32,15,127200,48,2650,0,95,2741987.90,28863.030526,0,1,0,0,0,35,8867,1.02,1.21
6356,0,22,8,95400,36,2650,0,47,1953429.20,41562.323404,0,1,0,0,0,49,9307,3.85,4.43
6357,1,18,18,64860,60,1081,0,132,5925484.40,44890.033333,0,1,0,0,0,38,8965,7.08,8.23
6358,0,31,15,137880,60,2298,1,89,2182553.50,24523.073034,0,1,0,0,0,48,8994,3.8,4.79
6362,1,19,15,37908,12,3159,0,76,3204466.10,42164.027632,0,1,0,0,0,62,8544,1.29,1.86
6377,1,52,10,17184,12,1432,0,70,2093457.20,29906.531429,0,1,0,0,0,1,12541,0.29,0.43
6386,1,17,20,124344,36,3454,0,148,3796848.00,25654.378378,0,1,0,0,0,43,9425,1.72,2.5
6399,0,31,13,49320,36,1370,0,81,2914968.30,35987.262963,0,1,0,0,0,60,8441,3.45,4.48
6402,0,29,18,139488,24,5812,0,104,4862551.80,46755.305769,0,1,0,0,0,3,8980,1.95,2.21
6403,0,15,18,194880,48,4060,0,113,4115621.10,36421.425664,1,0,1,0,0,74,10673,4.75,5.44
6407,1,34,8,25944,24,1081,0,37,2106315.80,56927.454054,1,0,0,1,0,41,9832,3.32,4.48
6415,1,30,4,475680,48,9910,0,12,489749.90,40812.491667,1,0,0,1,0,36,9198,3.33,4.28
6421,1,28,11,96768,36,2688,0,66,3406348.60,51611.342424,0,1,0,0,0,38,8965,7.08,8.23
6435,0,54,5,288720,48,6015,0,21,1148222.90,54677.280952,1,0,0,1,0,51,8541,2.51,2.97
6436,1,18,7,495180,60,8253,0,31,1389216.10,44813.422581,1,0,1,0,0,69,NULL,NULL,NULL
6437,0,50,3,63972,36,1777,1,11,236855.80,21532.345455,0,1,0,0,0,55,8743,1.88,2.43
6442,1,52,17,194160,48,4045,0,133,3796932.60,28548.365414,0,1,0,0,0,57,8720,3.73,4.5
6450,1,26,21,234336,48,4882,0,169,7236327.00,42818.502959,0,1,0,0,0,1,12541,0.29,0.43
6456,1,35,7,47016,12,3918,0,42,2536047.60,60382.085714,0,1,0,0,0,64,8369,1.79,2.31
6460,1,46,13,48672,36,1352,0,97,2235868.40,23050.189691,0,1,0,0,0,1,8743,1.88,2.43
6461,1,57,17,74124,36,2059,0,122,6633298.50,54371.299180,0,1,0,0,0,12,8754,3.83,4.31
6464,1,56,7,49488,24,2062,0,32,1617329.70,50541.553125,1,0,0,1,0,71,8678,5.93,5.57
6468,1,43,11,203940,60,3399,0,54,2268042.60,42000.788889,0,1,0,0,0,1,12541,0.29,0.43
6469,1,27,17,99744,24,4156,0,102,4092950.80,40126.968627,0,1,0,0,0,7,9920,2.26,2.87
6470,1,31,22,49872,12,4156,0,215,10807052.80,50265.361860,0,1,0,0,0,77,8909,4.01,5.56
6471,1,53,13,155640,24,6485,0,105,4744251.70,45183.349524,0,1,0,0,0,5,9307,3.85,4.43
6474,0,39,21,63360,60,1056,0,119,3463895.30,29108.363866,0,1,0,0,0,49,8208,1.89,2.26
6486,1,49,20,152160,60,2536,0,121,3397405.50,28077.731405,0,1,0,0,0,17,8114,2.38,2.62
6490,1,56,5,73260,60,1221,0,21,712468.80,33927.085714,0,1,0,0,0,70,10177,6.63,7.75
6495,1,44,5,49044,12,4087,0,22,1084523.50,49296.522727,0,1,0,0,0,11,9622,0.45,0.59
6499,0,48,10,80952,24,3373,0,54,1798877.10,33312.538889,0,1,0,0,0,1,12541,0.29,0.43
6501,1,57,12,30276,12,2523,1,92,2881336.30,31318.872826,0,1,0,0,0,21,9104,1.51,2.07
6502,0,35,16,30276,12,2523,0,164,10100487.30,61588.337195,0,1,0,0,0,68,9893,4.09,4.72
6508,1,58,8,110736,48,2307,0,55,1688293.10,30696.238182,0,1,0,0,0,19,8402,3.13,3.98
6509,1,54,11,55368,24,2307,0,98,4514009.30,46061.319388,0,1,0,0,0,64,9624,1.6,2.31
6512,1,38,13,63312,48,1319,0,82,1849245.90,22551.779268,0,1,0,0,0,4,8930,3.52,4.2
6520,1,38,7,91200,24,3800,0,36,1172107.20,32558.533333,0,1,0,0,0,39,10446,7.34,9.4
6526,1,36,4,288468,36,8013,0,17,628991.90,36999.523529,0,1,0,0,0,63,8288,3.79,4.52
6534,0,30,17,590820,60,9847,0,111,3101115.60,27937.978378,0,1,0,0,0,54,9897,1.6,1.96
6535,0,22,13,41952,12,3496,0,105,4357712.70,41502.025714,0,1,0,0,0,43,9425,1.72,2.5
6539,1,24,13,12792,12,1066,0,78,2225725.10,28534.937179,0,1,0,0,0,56,8772,4.69,4.98
6540,0,20,11,309600,48,6450,0,56,3258393.00,58185.589286,0,1,0,0,0,72,8994,3.8,4.79
6541,0,21,16,153504,48,3198,0,111,3735272.50,33651.103604,0,1,0,0,0,59,8444,3.24,3.47
6544,0,23,21,130464,48,2718,0,191,10227421.40,53546.708901,0,1,0,0,0,16,8427,1.12,1.54
6545,0,46,8,191880,60,3198,0,87,4670663.40,53685.786207,0,1,0,0,0,21,9104,1.51,2.07
6546,0,44,18,31728,24,1322,0,117,3643350.50,31139.747863,0,1,0,0,0,1,12541,0.29,0.43
6550,1,25,15,320592,48,6679,0,88,5348755.00,60781.306818,1,0,0,1,0,62,8544,1.29,1.86
6552,1,54,15,170448,48,3551,0,85,3340273.50,39297.335294,0,1,0,0,0,68,9893,4.09,4.72
6553,1,56,15,42384,12,3532,0,132,6450309.90,48865.984091,0,1,0,0,0,40,9317,6.49,7.07
6554,0,18,5,390096,48,8127,0,16,709538.50,44346.156250,1,0,1,0,0,46,8369,1.79,2.31
6562,0,38,8,94488,24,3937,0,66,3980576.60,60311.766667,0,1,0,0,0,1,12541,0.29,0.43
6568,1,42,21,220440,60,3674,0,75,2871007.70,38280.102667,0,1,0,0,0,50,8187,4.83,5.45
6569,1,51,10,45456,12,3788,0,56,2197853.70,39247.387500,1,0,0,1,0,13,8598,2.77,3.26
6571,1,47,22,140064,24,5836,0,142,9379376.20,66051.945070,1,0,0,1,0,19,8402,3.13,3.98
6574,1,55,12,77544,36,2154,0,64,2427831.40,37934.865625,1,0,0,1,0,2,8507,1.67,1.85
6577,1,26,13,51696,24,2154,0,102,5939103.50,58226.504902,1,0,0,1,0,74,10673,4.75,5.44
6578,0,46,17,27984,12,2332,0,76,2328629.60,30639.863158,0,1,0,0,0,52,8363,2.52,3.49
6580,0,35,7,196080,48,4085,0,47,2309766.40,49143.965957,0,1,0,0,0,23,8624,1.79,2.66
6585,0,51,21,372120,60,6202,0,172,11015575.90,64044.045930,1,0,0,0,1,64,9624,1.6,2.31
6589,0,50,8,189696,24,7904,0,89,4818202.40,54137.105618,0,1,0,0,0,19,8402,3.13,3.98
6591,0,46,18,20832,48,434,0,151,3226705.40,21368.909934,0,1,0,0,0,38,8965,7.08,8.23
6594,1,24,4,189696,24,7904,1,5,74500.00,14900.000000,0,1,0,0,0,60,8441,3.45,4.48
6596,1,42,6,91584,24,3816,0,31,1573727.90,50765.416129,0,1,0,0,0,1,8705,5.75,7.61
6598,1,17,17,68112,12,5676,0,147,6941359.70,47220.134014,0,1,0,0,0,75,8867,1.02,1.21
6599,1,44,20,72120,12,6010,0,102,7719978.70,75686.065686,1,0,0,0,1,52,8363,2.52,3.49
6600,0,40,5,21852,36,607,0,18,693162.90,38509.050000,1,0,0,1,0,34,9675,6.43,7.68
6605,1,46,18,79344,48,1653,0,105,2511441.90,23918.494286,0,1,0,0,0,23,8624,1.79,2.66
6607,0,28,18,153144,36,4254,0,171,10012678.80,58553.677193,1,0,0,1,0,27,8561,0.65,1.29
6612,0,37,13,97392,12,8116,0,81,2971492.40,36685.091358,0,1,0,0,0,70,10177,6.63,7.75
6613,1,46,3,84120,24,3505,0,19,1081303.10,56910.689474,0,1,0,0,0,69,NULL,NULL,NULL
6621,0,32,21,42900,12,3575,0,175,8853343.10,50590.532000,1,0,0,1,0,51,8541,2.51,2.97
6624,0,49,10,71460,12,5955,0,43,2063635.80,47991.530233,0,1,0,0,0,55,8743,1.88,2.43
6625,1,30,8,473280,60,7888,1,43,2269425.70,52777.341860,0,1,0,0,0,54,9897,1.6,1.96
6632,1,31,19,144960,48,3020,0,146,9367749.70,64162.669178,0,1,0,0,0,9,8899,3.39,3.97
6633,1,27,21,160656,24,6694,0,146,7653683.70,52422.491096,0,1,0,0,0,10,10124,0.56,0.54
6641,0,54,5,128268,36,3563,0,18,846531.70,47029.538889,1,0,0,1,0,36,9198,3.33,4.28
6642,0,26,10,77640,12,6470,0,60,3334218.30,55570.305000,0,1,0,0,0,44,8561,0.65,1.29
6643,1,30,17,35856,24,1494,0,95,5287762.30,55660.655789,1,0,0,1,0,47,9538,1.51,1.81
6644,0,24,10,93600,24,3900,0,55,2204328.90,40078.707273,1,0,0,1,0,9,8899,3.39,3.97
6645,0,53,12,140400,36,3900,0,45,1960362.90,43563.620000,1,0,0,1,0,1,10673,4.75,5.44
6647,1,26,15,208320,48,4340,0,85,3735315.60,43944.889412,0,1,0,0,0,1,8930,3.52,4.2
6650,1,48,5,49320,12,4110,1,49,2282237.60,46576.277551,0,1,0,0,0,24,8991,1.39,2.01
6655,1,47,18,260400,60,4340,1,127,4755947.40,37448.404724,0,1,0,0,0,73,8746,3.33,3.74
6659,0,37,13,56100,60,935,0,68,1370744.10,20158.001471,0,1,0,0,0,54,9897,1.6,1.96
6660,0,34,5,220428,36,6123,0,20,1203315.90,60165.795000,0,1,0,0,0,67,8110,5.77,6.55
6665,1,24,22,99300,60,1655,0,144,5631936.60,39110.670833,0,1,0,0,0,59,8444,3.24,3.47
6667,1,27,21,155880,24,6495,0,142,8983366.90,63263.147183,1,0,0,1,0,37,9065,4.46,5.39
6668,0,28,13,74736,36,2076,0,67,2540170.90,37912.998507,1,0,0,1,0,45,8390,2.28,2.89
6675,0,33,16,238716,36,6631,0,106,6904154.80,65133.535849,0,1,0,0,0,48,9060,1.78,2.44
6676,1,25,4,29784,24,1241,0,12,331513.00,27626.083333,0,1,0,0,0,26,10787,2.64,3.09
6677,1,17,20,97980,60,1633,0,137,3297219.90,24067.298540,0,1,0,0,0,29,8843,2.82,3.6
6678,1,18,10,80340,12,6695,0,52,3199642.70,61531.590385,1,0,1,0,0,11,12541,0.29,0.43
6682,0,60,15,36204,12,3017,1,115,3670443.30,31916.898261,0,1,0,0,0,50,8187,4.83,5.45
6686,0,18,17,224604,36,6239,0,93,5347220.00,57496.989247,1,0,1,0,0,31,8930,3.52,4.2
6687,1,13,4,87840,24,3660,0,17,787415.40,46318.552941,0,1,0,0,0,13,8598,2.77,3.26
6688,0,21,12,8616,24,359,0,79,1970784.20,24946.635443,0,1,0,0,0,59,8444,3.24,3.47
6694,1,54,9,134784,24,5616,0,55,2420281.20,44005.112727,0,1,0,0,0,70,10177,6.63,7.75
6695,1,38,4,309660,60,5161,0,17,682579.10,40151.711765,0,1,0,0,0,51,8541,2.51,2.97
6696,1,24,12,89040,60,1484,0,87,2613949.80,30045.400000,0,1,0,0,0,77,8909,4.01,5.56
6698,0,16,7,247728,48,5161,0,50,3002736.70,60054.734000,1,0,1,0,0,1,12541,0.29,0.43
6699,1,31,12,7656,24,319,0,81,3762015.80,46444.639506,0,1,0,0,0,48,9060,1.78,2.44
6704,1,33,18,417060,60,6951,0,74,4324932.00,58445.027027,0,1,0,0,0,29,8843,2.82,3.6
6705,1,21,10,333648,48,6951,1,97,5989624.10,61748.702062,0,1,0,0,0,14,10045,1.42,1.71
6712,1,30,17,266220,60,4437,0,144,5028894.90,34922.881250,0,1,0,0,0,20,8547,2.65,3.64
6715,1,52,17,220620,60,3677,0,128,4724154.40,36907.456250,0,1,0,0,0,20,8547,2.65,3.64
6721,1,29,4,21072,24,878,0,15,323635.30,21575.686667,0,1,0,0,0,4,8114,2.38,2.62
6725,1,46,21,265320,36,7370,0,148,5263898.40,35566.881081,0,1,0,0,0,19,8541,2.51,2.97
6726,1,39,14,85860,60,1431,0,96,2924294.80,30461.404167,1,0,0,1,0,2,8507,1.67,1.85
6727,0,60,8,42840,12,3570,0,45,1603898.90,35642.197778,0,1,0,0,0,70,10177,6.63,7.75
6729,1,49,16,74688,12,6224,0,112,5430277.90,48484.624107,0,1,0,0,0,23,8624,1.79,2.66
6730,1,17,14,93036,12,7753,0,104,5604626.90,53890.643269,0,1,0,0,0,54,9897,1.6,1.96
6732,1,44,11,174048,48,3626,0,69,5034818.30,72968.381159,1,0,0,1,0,47,9538,1.51,1.81
6734,1,51,10,173016,36,4806,0,94,5809128.90,61799.243617,1,0,0,1,0,14,10045,1.42,1.71
6736,0,58,3,288360,60,4806,0,10,332117.60,33211.760000,0,1,0,0,0,1,12541,0.29,0.43
6737,0,46,17,76680,24,3195,0,143,8999486.90,62933.474825,0,1,0,0,0,68,9893,4.09,4.72
6738,1,51,11,230220,36,6395,1,82,2267996.00,27658.487805,0,1,0,0,0,74,10673,4.75,5.44
6745,0,23,17,47304,24,1971,0,167,11479583.90,68740.023353,1,0,0,1,0,64,9624,1.6,2.31
6746,1,35,9,185640,60,3094,0,55,1603769.30,29159.441818,0,1,0,0,0,46,8369,1.79,2.31
6748,1,49,17,240900,60,4015,0,120,3152182.80,26268.190000,0,1,0,0,0,60,8441,3.45,4.48
6751,0,58,5,85716,36,2381,0,19,595407.90,31337.257895,0,1,0,0,0,17,8114,2.38,2.62
6753,1,50,3,67980,12,5665,0,14,487296.90,34806.921429,0,1,0,0,0,66,8512,3.51,4.12
6755,0,26,14,170700,60,2845,0,91,2604456.20,28620.397802,0,1,0,0,0,53,8240,2.53,3.56
6758,1,17,6,33144,12,2762,0,32,1037044.70,32407.646875,0,1,0,0,0,70,10177,6.63,7.75
6763,1,18,13,88272,48,1839,0,77,1350255.00,17535.779221,0,1,0,0,0,1,12541,0.29,0.43
6764,0,23,12,33984,48,708,0,70,2701143.20,38587.760000,0,1,0,0,0,64,9624,1.6,2.31
6766,1,40,18,74352,24,3098,0,126,5732715.50,45497.742063,0,1,0,0,0,1,12541,0.29,0.43
6785,0,51,15,125340,60,2089,0,127,6495480.50,51145.515748,0,1,0,0,0,1,12541,0.29,0.43
6790,1,36,11,76104,24,3171,0,81,1639212.60,20237.192593,0,1,0,0,0,62,8544,1.29,1.86
6791,1,25,10,566640,60,9444,0,77,2821304.80,36640.322078,0,1,0,0,0,1,12541,0.29,0.43
6793,0,49,12,186300,60,3105,0,119,7469138.00,62765.865546,1,0,0,1,0,63,8288,3.79,4.52
6805,1,39,7,45024,48,938,0,39,1637801.40,41994.907692,0,1,0,0,0,70,10177,6.63,7.75
6808,1,38,12,227880,36,6330,0,83,3746181.90,45134.721687,0,1,0,0,0,64,9624,1.6,2.31
6810,0,37,21,186384,48,3883,0,190,11699877.30,61578.301579,0,1,0,0,0,40,9317,6.49,7.07
6816,1,39,4,100224,48,2088,1,18,506248.80,28124.933333,0,1,0,0,0,70,10177,6.63,7.75
6817,0,44,8,70656,48,1472,0,53,1730283.10,32646.850943,0,1,0,0,0,1,12541,0.29,0.43
6818,1,25,22,155616,48,3242,0,172,7601971.70,44197.509884,0,1,0,0,0,72,8994,3.8,4.79
6819,0,49,3,50112,24,2088,0,16,739426.00,46214.125000,0,1,0,0,0,47,9538,1.51,1.81
6820,1,28,5,38148,12,3179,0,29,1086400.70,37462.093103,0,1,0,0,0,1,12541,0.29,0.43
6821,1,37,22,321936,48,6707,0,178,5698599.30,32014.602809,0,1,0,0,0,1,12541,0.29,0.43
6824,0,31,17,71976,24,2999,1,133,5302764.70,39870.411278,0,1,0,0,0,43,9425,1.72,2.5
6836,0,40,13,189300,60,3155,0,102,3300111.20,32354.031373,1,0,0,1,0,47,8757,3.38,3.95
6841,1,37,6,172080,48,3585,0,42,2551246.20,60743.957143,0,1,0,0,0,10,10124,0.56,0.54
6851,1,50,10,272220,60,4537,1,63,2325164.50,36907.373016,0,1,0,0,0,26,10787,2.64,3.09
6852,1,32,14,16032,48,334,0,121,2798029.00,23124.206612,0,1,0,0,0,32,9272,2.8,3.22
6855,0,59,14,52236,36,1451,0,101,3411988.20,33782.061386,0,1,0,0,0,9,8899,3.39,3.97
6856,0,60,14,163332,36,4537,0,66,1944603.60,29463.690909,0,1,0,0,0,18,8968,2.83,3.35
6857,0,29,22,69600,48,1450,0,218,8796274.90,40349.884862,0,1,0,0,0,64,9624,1.6,2.31
6859,1,57,11,272220,60,4537,0,80,3123353.50,39041.918750,0,1,0,0,0,56,8772,4.69,4.98
6861,1,37,13,215040,60,3584,0,82,3049561.30,37189.771951,0,1,0,0,0,28,8594,1.62,2.01
6863,0,57,5,127080,60,2118,0,24,721462.90,30060.954167,0,1,0,0,0,45,8390,2.28,2.89
6865,0,48,3,29448,12,2454,1,11,318751.80,28977.436364,0,1,0,0,0,72,8994,3.8,4.79
6866,1,37,15,122472,24,5103,0,112,5420345.30,48395.940179,0,1,0,0,0,69,NULL,NULL,NULL
6868,0,29,16,82128,24,3422,0,121,4019766.60,33221.211570,0,1,0,0,0,29,8843,2.82,3.6
6871,0,24,15,164256,48,3422,0,98,4149480.50,42341.637755,0,1,0,0,0,11,9622,0.45,0.59
6872,1,32,5,191580,60,3193,0,30,547243.20,18241.440000,0,1,0,0,0,51,8541,2.51,2.97
6875,1,55,20,83280,48,1735,0,139,5554782.80,39962.466187,1,0,0,1,0,37,9065,4.46,5.39
6876,0,32,4,86616,12,7218,0,15,385710.70,25714.046667,0,1,0,0,0,11,9622,0.45,0.59
6877,0,45,8,285240,60,4754,0,54,2683781.90,49699.664815,0,1,0,0,0,74,10673,4.75,5.44
6878,1,17,10,23184,12,1932,0,58,2130328.50,36729.801724,0,1,0,0,0,57,8720,3.73,4.5
6887,1,32,11,39576,12,3298,0,75,2303981.00,30719.746667,0,1,0,0,0,68,9893,4.09,4.72
6888,1,14,17,39576,12,3298,0,115,5628655.20,48944.827826,1,0,1,0,0,1,9272,2.8,3.22
6895,0,20,19,41904,12,3492,0,143,5159495.30,36080.386713,0,1,0,0,0,68,10177,6.63,7.75
6903,1,34,8,52128,24,2172,0,71,2375637.30,33459.680282,1,0,0,1,0,30,9622,0.45,0.59
6908,0,58,19,188616,24,7859,0,63,2885746.50,45805.500000,0,1,0,0,0,59,8444,3.24,3.47
6913,1,31,19,99936,24,4164,0,152,8489474.00,55851.802632,1,0,0,1,0,1,12541,0.29,0.43
6919,1,50,16,120888,36,3358,0,96,3920520.50,40838.755208,0,1,0,0,0,1,12541,0.29,0.43
6921,1,55,7,86184,12,7182,0,42,2517281.40,59935.271429,1,0,0,1,0,70,10177,6.63,7.75
6922,1,19,7,83628,36,2323,0,34,988645.70,29077.814706,0,1,0,0,0,54,9897,1.6,1.96
6923,0,41,13,44640,24,1860,0,67,2811417.10,41961.449254,0,1,0,0,0,59,8444,3.24,3.47
6926,0,46,15,374760,60,6246,0,112,6283477.10,56102.474107,0,1,0,0,0,73,8746,3.33,3.74
6929,0,23,22,36396,12,3033,0,158,9160371.50,57977.034810,0,1,0,0,0,1,8369,4.73,5.88
6932,0,18,22,225504,48,4698,0,181,10391501.10,57411.608287,1,0,1,0,0,7,9920,2.26,2.87
6933,1,30,5,188688,48,3931,0,22,928469.80,42203.172727,0,1,0,0,0,64,9624,1.6,2.31
6934,1,48,8,116832,12,9736,0,46,1076017.70,23391.689130,0,1,0,0,0,21,9104,1.51,2.07
6938,0,47,13,341280,60,5688,0,77,3825234.20,49678.366234,1,0,0,1,0,9,8899,3.39,3.97
6940,0,35,5,228276,36,6341,0,20,828042.70,41402.135000,0,1,0,0,0,1,12541,0.29,0.43
6942,1,46,14,18324,12,1527,0,86,2700596.40,31402.283721,0,1,0,0,0,59,8444,3.24,3.47
6944,0,30,5,46176,48,962,0,17,571422.80,33613.105882,0,1,0,0,0,62,8544,1.29,1.86
6948,1,26,8,157068,36,4363,0,21,813601.40,38742.923810,0,1,0,0,0,1,12541,0.29,0.43
6949,1,25,18,104712,24,4363,0,108,5656945.90,52379.128704,0,1,0,0,0,31,8930,3.52,4.2
6950,0,50,22,104712,24,4363,0,191,10955348.10,57357.843455,0,1,0,0,0,74,10673,4.75,5.44
6955,0,25,16,244368,48,5091,0,144,10933090.70,75924.240972,0,1,0,0,0,65,8403,5.74,5.72
6956,0,39,16,59448,24,2477,0,93,2707659.90,29114.622581,0,1,0,0,0,11,9622,0.45,0.59
6959,0,44,17,59448,24,2477,1,120,5402002.90,45016.690833,0,1,0,0,0,70,10177,6.63,7.75
6960,0,57,21,76416,24,3184,0,153,4800399.60,31375.160784,0,1,0,0,0,1,12541,0.29,0.43
6961,1,32,4,176148,36,4893,0,13,613008.50,47154.500000,0,1,0,0,0,38,8965,7.08,8.23
6962,0,29,20,279072,48,5814,0,86,3706214.00,43095.511628,0,1,0,0,0,1,12541,0.29,0.43
6965,1,53,18,139536,24,5814,0,165,10541829.20,63889.873939,0,1,0,0,0,61,8814,4.76,5.74
6969,0,53,15,88200,36,2450,0,91,3402203.90,37386.856044,0,1,0,0,0,76,8369,4.73,5.88
6970,0,57,8,31620,60,527,0,37,1018346.70,27522.883784,0,1,0,0,0,8,11277,1.25,1.44
6984,1,57,7,116040,60,1934,0,39,1164742.40,29865.189744,0,1,0,0,0,54,9897,1.6,1.96
6985,0,24,11,113796,36,3161,0,72,2652521.30,36840.573611,0,1,0,0,0,54,9897,1.6,1.96
6986,0,18,8,151728,48,3161,1,57,1737992.60,30491.098246,0,1,0,0,0,74,10673,4.75,5.44
6992,0,53,8,133968,48,2791,0,79,3695012.90,46772.315190,1,0,0,1,0,52,8363,2.52,3.49
6995,1,24,20,96168,12,8014,0,149,7523410.60,50492.688591,1,0,0,0,1,64,9624,1.6,2.31
6996,0,56,22,126600,24,5275,0,132,6219707.10,47118.993182,0,1,0,0,0,11,9538,1.51,1.81
6998,1,25,9,97632,12,8136,0,65,3469643.30,53379.127692,0,1,0,0,0,20,9104,1.51,2.07
7001,1,33,13,300600,60,5010,0,95,5055684.30,53217.729474,1,0,0,1,0,27,8561,0.65,1.29
7004,0,14,18,331560,60,5526,0,119,4396097.80,36941.998319,1,0,1,0,0,12,8507,1.67,1.85
7008,0,34,6,36168,12,3014,0,36,1406295.60,39063.766667,0,1,0,0,0,1,12541,0.29,0.43
7013,1,24,8,89340,60,1489,0,44,1760241.20,40005.481818,0,1,0,0,0,60,8441,3.45,4.48
7034,1,22,13,19044,36,529,0,69,2975401.10,43121.755072,0,1,0,0,0,24,8991,1.39,2.01
7035,0,19,8,210744,36,5854,0,39,1995832.50,51175.192308,0,1,0,0,0,64,9624,1.6,2.31
7036,0,31,15,194940,36,5415,0,91,5156950.70,56669.787912,0,1,0,0,0,8,11277,1.25,1.44
7037,1,53,7,218064,48,4543,0,39,2118306.80,54315.558974,1,0,0,1,0,1,12541,0.29,0.43
7046,0,53,12,91632,12,7636,0,70,1233781.10,17625.444286,0,1,0,0,0,17,8114,2.38,2.62
7049,0,38,8,233424,36,6484,0,49,2669366.00,54476.857143,0,1,0,0,0,4,9753,4.64,5.05
7050,1,51,17,311232,48,6484,0,136,9912463.10,72885.758088,1,0,0,1,0,76,8369,4.73,5.88
7051,0,41,3,77808,12,6484,0,23,1584118.60,68874.721739,0,1,0,0,0,1,12541,0.29,0.43
7055,1,24,11,167100,60,2785,0,79,5032902.50,63707.626582,1,0,0,1,0,62,8544,1.29,1.86
7057,0,22,15,231696,36,6436,0,126,5780075.70,45873.616667,0,1,0,0,0,1,12541,0.29,0.43
7061,0,29,15,121896,24,5079,0,93,5061301.50,54422.596774,0,1,0,0,0,55,8743,1.88,2.43
7066,0,34,5,215388,36,5983,1,15,490540.90,32702.726667,0,1,0,0,0,1,10446,7.34,9.4
7067,0,28,8,136368,24,5682,0,59,3575036.60,60593.840678,0,1,0,0,0,22,8620,1.1,1.25
7072,1,32,12,22104,12,1842,0,73,3221923.90,44135.943836,0,1,0,0,0,34,9675,6.43,7.68
7085,1,33,11,305424,48,6363,0,83,3830244.30,46147.521687,0,1,0,0,0,70,10177,6.63,7.75
7087,0,30,10,44304,24,1846,0,63,2698352.70,42830.995238,0,1,0,0,0,38,8965,7.08,8.23
7088,0,50,14,239160,60,3986,0,106,3946713.20,37233.143396,0,1,0,0,0,27,8561,0.65,1.29
7091,0,42,12,113436,36,3151,0,104,7125083.40,68510.417308,1,0,0,1,0,44,8254,2.79,3.76
7096,1,33,16,37812,12,3151,0,130,7028070.30,54062.079231,0,1,0,0,0,27,8561,0.65,1.29
7097,0,35,6,75624,24,3151,1,23,1150227.90,50009.908696,0,1,0,0,0,54,9897,1.6,1.96
7100,1,35,12,348120,60,5802,0,65,3823266.70,58819.487692,1,0,0,1,0,69,NULL,NULL,NULL
7101,0,43,9,421008,48,8771,0,50,1871821.10,37436.422000,1,0,0,1,0,14,10045,1.42,1.71
7104,0,14,5,259740,60,4329,0,17,768368.60,45198.152941,0,1,0,0,0,68,9893,4.09,4.72
7110,0,29,21,31260,12,2605,0,131,3286059.50,25084.423664,0,1,0,0,0,36,9198,3.33,4.28
7115,1,36,22,88704,48,1848,0,131,2446432.90,18675.060305,0,1,0,0,0,23,8624,1.79,2.66
7119,1,57,11,86880,12,7240,0,58,3278845.40,56531.817241,1,0,0,1,0,21,9104,1.51,2.07
7121,0,33,9,21924,36,609,0,45,1542249.60,34272.213333,0,1,0,0,0,55,8743,1.88,2.43
7122,1,47,16,260640,36,7240,1,78,2458418.20,31518.182051,0,1,0,0,0,22,8620,1.1,1.25
7129,0,28,14,194280,60,3238,0,113,5444382.70,48180.377876,1,0,0,1,0,1,12541,0.29,0.43
7130,0,32,12,123408,24,5142,0,65,1843351.60,28359.255385,1,0,0,0,1,39,10446,7.34,9.4
7136,0,57,6,54396,36,1511,0,23,696755.30,30293.708696,0,1,0,0,0,60,8441,3.45,4.48
7137,0,41,6,151560,24,6315,0,28,1511336.20,53976.292857,1,0,0,0,1,66,8512,3.51,4.12
7138,0,48,21,60000,60,1000,0,137,3376129.90,24643.283942,0,1,0,0,0,72,8390,2.28,2.89
7139,0,42,19,23412,12,1951,0,129,7005281.60,54304.508527,1,0,0,1,0,72,8994,3.8,4.79
7142,1,18,15,482940,60,8049,1,130,3426638.10,26358.754615,0,1,0,0,0,1,12541,0.29,0.43
7147,1,39,22,267600,48,5575,0,112,6995545.40,62460.226786,0,1,0,0,0,70,10177,6.63,7.75
7151,0,56,13,133800,24,5575,0,93,4253209.50,45733.435484,0,1,0,0,0,12,8754,3.83,4.31
7154,0,26,13,417600,60,6960,0,34,1468689.30,43196.744118,1,0,0,0,1,55,8743,1.88,2.43
7164,0,33,9,249792,48,5204,0,45,2615761.40,58128.031111,1,0,0,1,0,55,8743,1.88,2.43
7166,0,39,5,198240,24,8260,0,16,495250.30,30953.143750,0,1,0,0,0,41,9832,3.32,4.48
7167,1,19,11,269964,36,7499,0,75,4602515.20,61366.869333,1,0,1,0,0,16,8427,1.12,1.54
7168,1,18,18,208332,36,5787,0,124,7946796.70,64087.070161,0,1,0,0,0,2,8507,1.67,1.85
7171,0,47,5,196224,48,4088,0,23,1666710.40,72465.669565,1,0,0,0,1,76,8369,4.73,5.88
7172,1,19,13,45720,12,3810,0,86,3585391.60,41690.600000,0,1,0,0,0,1,12541,0.29,0.43
7176,0,18,22,260028,36,7223,0,161,8158968.00,50676.819876,1,0,0,1,0,11,9622,0.45,0.59
7181,1,34,4,197808,24,8242,0,15,974143.40,64942.893333,1,0,0,1,0,1,12541,0.29,0.43
7187,0,59,17,24180,60,403,0,134,10549044.10,78724.209701,0,1,0,0,0,36,9198,3.33,4.28
7189,0,39,14,154656,48,3222,0,89,2829428.20,31791.328090,0,1,0,0,0,71,8678,5.93,5.57
7192,0,57,20,115992,36,3222,0,127,3259633.70,25666.407087,1,0,0,1,0,45,8930,3.52,4.2
7194,0,37,10,68832,36,1912,0,53,1990523.90,37557.054717,0,1,0,0,0,1,12541,0.29,0.43
7195,1,56,9,339168,48,7066,0,51,1460341.10,28634.139216,0,1,0,0,0,46,8369,1.79,2.31
7198,1,17,9,45768,12,3814,0,27,879007.10,32555.818519,0,1,0,0,0,67,8994,3.8,4.79
7199,0,53,14,45768,12,3814,0,146,8634212.50,59138.441781,0,1,0,0,0,75,8819,5.38,5.66
7200,0,21,10,31140,60,519,0,50,1418790.20,28375.804000,0,1,0,0,0,76,8369,4.73,5.88
7201,0,61,11,67464,12,5622,0,57,2767770.70,48557.380702,0,1,0,0,0,34,9675,6.43,7.68
7202,0,56,13,140688,48,2931,0,85,4638908.90,54575.398824,0,1,0,0,0,16,8427,1.12,1.54
7209,0,41,13,385560,60,6426,1,59,1712667.70,29028.266102,0,1,0,0,0,50,8187,4.83,5.45
7213,0,53,11,113544,36,3154,0,71,2413319.80,33990.419718,0,1,0,0,0,65,8403,5.74,5.72
7219,0,39,9,57120,48,1190,0,49,2057295.40,41985.620408,1,0,0,1,0,32,9272,2.8,3.22
7220,0,40,13,131292,36,3647,0,83,3040714.60,36635.115663,0,1,0,0,0,1,12541,0.29,0.43
7221,1,46,15,152460,60,2541,0,118,2463145.70,20874.116102,0,1,0,0,0,25,8554,2.47,2.68
7226,1,23,5,197748,36,5493,0,16,715766.90,44735.431250,0,1,0,0,0,50,8598,2.77,3.26
7227,1,39,15,314520,60,5242,0,130,8258564.60,63527.420000,0,1,0,0,0,44,8254,2.79,3.76
7230,0,36,8,18720,60,312,0,42,1711430.50,40748.345238,1,0,0,1,0,25,8554,2.47,2.68
7233,0,43,19,115812,36,3217,0,124,7024168.00,56646.516129,0,1,0,0,0,16,8427,1.12,1.54
7235,1,24,5,154416,48,3217,0,32,1494905.60,46715.800000,0,1,0,0,0,18,8968,2.83,3.35
7240,0,14,6,274740,60,4579,0,27,1544081.70,57188.211111,1,0,1,0,0,1,8288,3.79,4.52
7241,0,18,18,168984,24,7041,1,160,8968639.60,56053.997500,0,1,0,0,0,1,12541,0.29,0.43
7242,0,39,14,48096,24,2004,0,83,2742653.30,33044.015663,0,1,0,0,0,32,9272,2.8,3.22
7243,0,21,10,217152,36,6032,0,57,2799102.80,49107.066667,1,0,0,1,0,72,8994,3.8,4.79
7246,0,19,6,148920,60,2482,0,31,1005494.90,32435.319355,0,1,0,0,0,59,8444,3.24,3.47
7249,0,52,14,69360,48,1445,0,78,2640854.30,33857.106410,0,1,0,0,0,11,8369,1.79,2.31
7250,1,33,21,119136,48,2482,0,119,5066116.80,42572.410084,0,1,0,0,0,37,9065,4.46,5.39
7253,0,26,17,98304,12,8192,0,113,7503773.00,66405.070796,1,0,0,1,0,16,8427,1.12,1.54
7255,1,42,5,213300,60,3555,0,22,825547.50,37524.886364,0,1,0,0,0,28,8594,1.62,2.01
7259,1,30,8,108144,36,3004,0,55,3005909.40,54652.898182,0,1,0,0,0,1,8444,3.24,3.47
7262,0,34,4,182628,36,5073,0,13,431978.40,33229.107692,0,1,0,0,0,75,8819,5.38,5.66
7263,0,32,5,89880,24,3745,0,29,1814567.20,62571.282759,1,0,0,1,0,70,10177,6.63,7.75
7264,1,21,7,44940,12,3745,0,40,2099392.90,52484.822500,1,0,0,1,0,1,12541,0.29,0.43
7271,1,15,22,392460,60,6541,0,143,8169838.90,57131.740559,1,0,1,0,0,12,8754,3.83,4.31
7277,0,49,8,89280,12,7440,0,52,3147146.10,60522.040385,0,1,0,0,0,1,12541,0.29,0.43
7279,1,49,10,155760,24,6490,0,83,4313013.60,51964.019277,0,1,0,0,0,33,8705,5.75,7.61
7284,0,20,8,52788,12,4399,0,43,954521.70,22198.179070,0,1,0,0,0,15,9045,3.13,3.6
7286,0,25,16,67320,36,1870,0,111,2940587.60,26491.780180,0,1,0,0,0,5,9307,3.85,4.43
7292,0,23,16,317460,60,5291,0,145,9421820.50,64978.072414,0,1,0,0,0,50,8187,4.83,5.45
7294,1,19,11,39168,24,1632,0,54,2993698.00,55438.851852,0,1,0,0,0,7,9920,2.26,2.87
7295,1,45,20,280440,60,4674,0,106,4093624.90,38619.102830,0,1,0,0,0,54,9897,1.6,1.96
7304,1,49,5,419880,60,6998,0,18,1068351.00,59352.833333,0,1,0,0,0,1,12541,0.29,0.43
7305,0,28,22,54024,12,4502,0,147,5362587.20,36480.185034,1,0,0,1,0,61,8814,4.76,5.74
7308,1,34,14,129408,24,5392,0,107,3303066.60,30869.781308,0,1,0,0,0,67,8110,5.77,6.55
